image_id,filename,category,block,official_split,status,selected_rank_within_category,reserve_rank_within_category,block_rank,eligibility_status,exclusion_reason,selection_key_sha256,image_sha256
0f1984,0f1984.png,desktop,53,Test,selected_candidate,1,,1,technical_pass_manual_review_pending,,032aa2fa7893d2dce27a6ed24c26c7e5bd93375de12ce4a1ab303ebc1e99a278,c79d4a55e26c70f6b28dfe587ea172ccc7703da5b1c317673de54695126cf062
c0e167,c0e167.png,desktop,53,Test,selected_candidate,2,,2,technical_pass_manual_review_pending,,23937af853af2e6f94eb78f555fd1fe27dbbfec5ced9e2ffabfb7e748be99e40,ffc5357fd2b540c3a93bcb2d768a3d20f3e72e0204289c3b0d5faa38d777ca3e
27e29a,27e29a.jpg,desktop,53,Test,selected_candidate,3,,3,technical_pass_manual_review_pending,,54f915023e38ee03d18ef3947e18bfc31c51e4a4ee61ccf3318fcaf5c0be3325,ca0bda8b7c358ca6a8bba5d76a18863d5002e42d6e6e2d8f0933fdefc7c7a637
1a03d5,1a03d5.png,desktop,53,Test,selected_candidate,4,,4,technical_pass_manual_review_pending,,726e43f663ad234104da8b803312fffd039a856dfc1bc13e346804845f520366,fb0c1ac5881c44b01de700ad58246ab0a1c2f4035fa2486baeea6f0a3fedad79
9b3896,9b3896.png,desktop,53,Test,selected_candidate,5,,5,technical_pass_manual_review_pending,,777ddcbf8d6de41eb4f260ac3b33f7a3f6cb1a2dcd86a70a5eab2d47c25f2168,82d404ce87b72200313310e3c6d8314c47e44c049584fee3341c7a3218401c20
c3ac4c,c3ac4c.png,desktop,53,Test,selected_candidate,6,,6,technical_pass_manual_review_pending,,93ae7405ccba912bb716fb88b4a0da9193339af512c68f287df4ceeb4f1b8170,9098e95734a0e15561e26f232092a59b9c36afea87a0b2f9866a185868f04f81
c50a3d,c50a3d.png,desktop,54,Test,selected_candidate,7,,1,technical_pass_manual_review_pending,,12cd653ed27c2cbc71c2891320b11ac4169dbb96d1fd523eeb83884bdb6dbed4,118019e8355fa10fb542b4e29157916ec8b1e43e0c7484fcd8b82391dec793e3
b86b7d,b86b7d.png,desktop,54,Test,selected_candidate,8,,2,technical_pass_manual_review_pending,,170837825cffc4e353e45015cf2080667a8810d8f414d43f18401e0489891118,f3e23990e14b3ceccb9d69fc79d965a5638547617defee70d1e01e779c722200
815859,815859.png,desktop,54,Test,selected_candidate,9,,3,technical_pass_manual_review_pending,,2a5fae056b38f96cb9d572895ffd19d0e2103b3d4cce0f49f40a38223be43dfc,636e37d6d530190b94a5e1db20415bb9de7c18f68b2449c24c1df8ee8dff7efa
6fbe76,6fbe76.png,desktop,54,Test,selected_candidate,10,,4,technical_pass_manual_review_pending,,2d29877f9e697bc670d5584235e9daff30f2b57d702a3729f20ff8a2c9419f68,455322e9fc8cfcf0ea650a43f729ffa5439c7b1817dc18626a40e583de7b37ba
9bbfdf,9bbfdf.png,desktop,54,Test,selected_candidate,11,,5,technical_pass_manual_review_pending,,6f7e7e7f96d7c8df7d21eae6f6589c8279dc6158e6058b41527ad8269a4f8544,fc3d280375ece801b57715433930cad01a3e6344ce06927c0256c5291207cb14
1c381f,1c381f.png,desktop,54,Test,selected_candidate,12,,6,technical_pass_manual_review_pending,,711b9124a189d88dab499391cf2f5ced3c1e775d1fd34a6917f5f6a28b0aa545,966e9f6e54d87ddbe50da8ef971b9a958b930de67a1e2427cc0b9d26f0c0395a
628715,628715.png,desktop,54,Test,selected_candidate,13,,7,technical_pass_manual_review_pending,,7d7fae60d0eb3e362b99bd77ab2bfb8e7ba1d15b6ce9774247327444233c3fa4,0665d1ea50cdb96e64504c5ca76aeb2359f23a970c4996da904f288d6487b3c9
7fc716,7fc716.jpeg,desktop,55,Test,selected_candidate,14,,1,technical_pass_manual_review_pending,,15282e9b605a17e8a686f2b7b3524a901c189ce064a386aa4a4ffb5dcd0b8c88,08812814c132190b8adb02fc2452c5c569a71f6cd05119a038c34390f8f35d94
8d2ab9,8d2ab9.png,desktop,55,Test,selected_candidate,15,,2,technical_pass_manual_review_pending,,3a195fc9806150c506817b4aa323eaa9d33ca2391f4c726bfad531761155deb9,8071558fd595219cbf49a877f569da4372c6918f72bb174a89b28a48524c28b6
2a8f6b,2a8f6b.jpg,desktop,55,Test,selected_candidate,16,,3,technical_pass_manual_review_pending,,4022a29495974ddb2f708ac1b95a38e615ffa103fa33f6895dd2e54c3666e799,3608a285f9e73df03ca473fd6cebf96b6673fb7331f3ebecdbfd5b91eaf7e1c7
aac5d7,aac5d7.png,desktop,55,Test,selected_candidate,17,,4,technical_pass_manual_review_pending,,6037e31e95717ff8f00ae0f5b4a8e00e8e0f05481d79b9ad427647da2cb609bf,4b6a3619e9aada3668fb8bdbdc2ebf57906825568c3ac6a6238aa9c2034f2960
815511,815511.png,desktop,55,Test,selected_candidate,18,,5,technical_pass_manual_review_pending,,8f3a7fb8dba18245eb1d2665e6ae999d27d4bb91a72004d059903c9b5c1632b1,645e876373993c7d6847bbb41d4f5922f754e1dfe94b87cc512b6db1ebad738f
a09cbe,a09cbe.png,desktop,55,Test,selected_candidate,19,,6,technical_pass_manual_review_pending,,a2c6acadca2215651941b6103e0ae022f7c65f6245b1f5366ebc321a23ac7bbb,12a5d0e03efaf25a314feef282f000b8d09c9df944b37b68a821264eadededf2
49e72e,49e72e.png,desktop,55,Test,selected_candidate,20,,7,technical_pass_manual_review_pending,,af412eb20c07fc7043b0067f2b60f1e95e0ffce1269f71759be1838ae4109828,ed8b4b2ccf3e9ec524c4013ec2adc55026a1fbaee94220696071c255548c88ab
a7a9da,a7a9da.png,desktop,54,Test,reserve_candidate,,1,8,technical_pass_manual_review_pending,,85b9b4ee652ffe4dc59e04ac450994b9362ab9a0f308d8ddf4b1ffdc8277aa06,bd9f10a50ddee0d362196484341b76d086bde542c4e6026fc182e12299fff665
ad1e05,ad1e05.png,desktop,53,Test,reserve_candidate,,2,7,technical_pass_manual_review_pending,,93cb23c2a3cebc764a799e69ab03551e15815a40195faf516ee868d100c50991,6bb073d8f6e2dc56c0793e57be9b3e6c0ca31ad408a1062c475460b37a565299
3076c2,3076c2.png,desktop,54,Test,reserve_candidate,,3,9,technical_pass_manual_review_pending,,9781613faa0a8d57a7ff3fe9fc770005399432bcfbb13f1c8a99b6b015e65373,bbe4838b38794fe08274f37dc409ac9f5c9e79a9f3f14de97b56bf34ee371df9
c8b126,c8b126.png,desktop,53,Test,reserve_candidate,,4,8,technical_pass_manual_review_pending,,a8963e2f3b756bd58b1bbd9cf53da0816bb86257f507266443c62479f50036bd,6bb0af79cbb82ba36bbeb8c76d0dff3045834d8f13bb8256ce277af5cf79150d
592b58,592b58.png,desktop,55,Test,reserve_candidate,,5,8,technical_pass_manual_review_pending,,ca276aec4abc7c9d2091790570e0c0a086b9a668d41f6098bdb2a1171e77ebf2,57456653ec1a474c9739db48bc8ef1e1d76a5b1d85443d38be6cc0c07e7213ef
8b2ea2,8b2ea2.png,desktop,55,Test,reserve_candidate,,6,9,technical_pass_manual_review_pending,,d48410c38e98fb6578945138f176821f40960313b0fe3036b7d3286de06f20a3,d674362b816f7c5a45421f599a8c2d25e02b0d210188ba84d34f2f9a2814eafa
824f2b,824f2b.png,desktop,53,Test,reserve_candidate,,7,9,technical_pass_manual_review_pending,,ea880b19705147a368fe2f3eeec87826ecaa847a750b67f497fe96905a469e64,7504f8dcc4dbc01f9add5c13cb9a86a5c7d64b9ba159973b7f14e0e9b4994860
c01b8e,c01b8e.jpg,mobile,53,Test,selected_candidate,1,,1,technical_pass_manual_review_pending,,06e4bd8bca6b1207b617b86f83a6817625efac7508df145ac59db566e323d99e,d30c3bf9bdb2197b48316527c40dee09860e6cc0ec15d1f550b4f588949791d4
0feea2,0feea2.jpg,mobile,53,Test,selected_candidate,2,,2,technical_pass_manual_review_pending,,0d44d483bf77da43c91063b54ebcc41b39376eca255af62bce93b2ddc46f6d51,572305f8a1249d448d0d407b6d89b9fb1abe20b33312bad100252008b43693d4
991446,991446.jpg,mobile,53,Test,selected_candidate,3,,3,technical_pass_manual_review_pending,,5d3ab64473edd729aa1dc00a0788e328eadaf13deb83319fcd5291e5c16596ff,ff93d92a7fc25cb8fc2eacfb9f1532d4e47a1ef1d2f6f0466aaca9457e5ec3f8
4b9fd2,4b9fd2.jpg,mobile,53,Test,selected_candidate,4,,4,technical_pass_manual_review_pending,,744d0cb8e3b6576de9b664cdf11936bb1ee8ad13aa9a4b60dc34f5b89631cff1,850f18d8337d0b45ca9d1d52e4f72aa3049cfebd5185e031e0810ead6ed4d530
40e990,40e990.jpg,mobile,53,Test,selected_candidate,5,,5,technical_pass_manual_review_pending,,757965447ca422f4ebe5354a237e9396d9f3e2b3c9b2fc04e161acf512db7c7e,d32fef205e67b19aecb1f72f712892fd89f6f22961abbe93f7dfac8d8962b909
46e638,46e638.jpg,mobile,53,Test,selected_candidate,6,,6,technical_pass_manual_review_pending,,816bfcd80dd4241e1d5f31740a38b1305543016077ae59e3baf273233b08041d,aa92d46575eb0960db63cc088a310a3c2f888ce694d2e6887b90c69c0d671f3b
fb2cd4,fb2cd4.jpg,mobile,53,Test,selected_candidate,7,,7,technical_pass_manual_review_pending,,9d86f1a687d81acaf2385074f52532a907c30304fd08aa90f9594bb3eac6653c,07fb51b2c32015f3d7edac13645df237a00a94a5b2aea49428b21f4f0cd0b474
66b3ff,66b3ff.jpg,mobile,54,Test,selected_candidate,8,,1,technical_pass_manual_review_pending,,09cf6e6eb69a8b9ab47ae5663c7ad42a6d750a16aafcdee1ab0b2081c5cd61e3,e96cf52157128bc4be0d276904fe6c0e67c6b77cea949acf65dbbbce63cf715e
3e8fe3,3e8fe3.jpg,mobile,54,Test,selected_candidate,9,,2,technical_pass_manual_review_pending,,0a55f10b4bb16184c783edddbcea4a2eefcb77863d5b90f7a7adc255138e024a,0d1d2fdf084d22fcfa2451a357e72a1e75336b08d451a7d7e20e6dfb0536215b
eb06ec,eb06ec.jpg,mobile,54,Test,selected_candidate,10,,3,technical_pass_manual_review_pending,,34821a605608a2f0ad77b507656b81ef4114a4ba980ad93467ac1c07e9c12ef7,fa0b3a20545edbd3b92da32b466b10494252df93623037b6c8beb0dea14bc486
598d81,598d81.jpg,mobile,54,Test,selected_candidate,11,,4,technical_pass_manual_review_pending,,8174bcd85bd5ca2f4d3dccf4eb1a2aa5d045c64d186f92baddfbd803657be4a1,13d767659c8149b6ebc16f761bcd28f9c67ffac58eec45ce2fc25fc044461e89
1a2fc7,1a2fc7.jpg,mobile,54,Test,selected_candidate,12,,5,technical_pass_manual_review_pending,,8306ec7acd9dc38d204647bc8ac197174e20a6645d0964d80d880cad5614cd5f,5512a99530d55cc439968c946e58b8a9942b90055808316f5cd67a2c0f992d90
31bba3,31bba3.jpg,mobile,54,Test,selected_candidate,13,,6,technical_pass_manual_review_pending,,abf8911a769279ebe547d0de4e4f16ab6a9218e82289a699a3527cfa8f012dde,272e28de1cd8dd1b90d093044b1e9457c0ed003abea5910fb5204f63543ecfba
5620ab,5620ab.jpg,mobile,55,Test,selected_candidate,14,,1,technical_pass_manual_review_pending,,27937101161de2ad7bc5b1da530fd2c9d60f02876fdf07bfd841b44b4a2ae7bf,e7d714ca2b1e8531a3622350cfbcfeba3fd90d4ae091fcf2060f152f6722db2e
bc43bb,bc43bb.jpg,mobile,55,Test,selected_candidate,15,,2,technical_pass_manual_review_pending,,2d4d65399f9dd8731d55acfd015065d031d1e8ad4f0a270fb74a68cbabd0783f,a7a048388cc00378fe4dcd5ce93a0880d312331b98ff112b500198056c981db6
0dc366,0dc366.jpg,mobile,55,Test,selected_candidate,16,,3,technical_pass_manual_review_pending,,39b458acfbb1203f9d46c3f8224c0c4293970acc889cc565ec6ed24fed708ce1,ea42bdf858628aed17c29ce2ef629ea8f98be30867990080451b55c74fed69d1
ab4d1f,ab4d1f.jpg,mobile,55,Test,selected_candidate,17,,4,technical_pass_manual_review_pending,,3f196e2b46b19102da3c219fe44eef1027814f08c692fd3c4fc0c9350a3e1e84,bdfa962c1c5c09a0d6b5efd2e257df2f46f08b915b18db12e1e07a91805aef0c
6c8b71,6c8b71.jpg,mobile,55,Test,selected_candidate,18,,5,technical_pass_manual_review_pending,,503eef5eabe4799a388fc3b1a97b49e0d19e7029ce0a57370ba6e144d5b4a03f,c9f9a71aeff9081b3ace4a66356ea5bd05703382939d1270116c73df466caffc
449b4f,449b4f.jpg,mobile,55,Test,selected_candidate,19,,6,technical_pass_manual_review_pending,,7629e0e066a80af43c48b83c1836de8bd946adcfdac9cbfd9d260766d96d942c,5788c28f5bc8096d0b1ab41a0f0afb651eca6d9ca04cac70de9913646de87f48
d1ef30,d1ef30.jpg,mobile,55,Test,selected_candidate,20,,7,technical_pass_manual_review_pending,,80e51df5e8aa783146ff94f788b4ab4595b820c3a8cee400165a7e5f6dc21260,075abbc77940c291e92530d410aed83832f25561b1387cc27503e09049217f4d
cd9e29,cd9e29.jpg,mobile,55,Test,reserve_candidate,,1,8,technical_pass_manual_review_pending,,97dd29b9c438bf43d163a890170aec75da6c70a6956e2369739014a468b11d03,d88aa9167bdda5bbc032fe35bdc6452925a29b4159a02f7a13a90116a7c8ac5c
59354f,59354f.jpg,mobile,55,Test,reserve_candidate,,2,9,technical_pass_manual_review_pending,,9f93bc8f89ccf0c5e78ae4f4ad50cfdba41e05fb123eb324d93eda95d5c51add,cb45cb73c07e36af930c323edd305cf0cd26022537932e4db81c63ec07964266
b44e33,b44e33.jpg,mobile,53,Test,reserve_candidate,,3,8,technical_pass_manual_review_pending,,b876528e6739dadfe1ecf5be43b350e43e90c2c25a6f830631f71beba2ebd11f,b539ad10a77f64f53a6195592b24e26c282a001818afe34f5dd6572fe39e7e5f
7decae,7decae.jpg,mobile,54,Test,reserve_candidate,,4,7,technical_pass_manual_review_pending,,c4eec01f6b82a386961aa21d1b16b93e13f693d6a64e812b5ec83826cd7eef8d,7215e21aace52d6be321fddc6b0f1aed8c8c3262ea3f1f22e220fba91e51e281
b92f85,b92f85.jpg,mobile,54,Test,reserve_candidate,,5,8,technical_pass_manual_review_pending,,c5076c718fffd76a349d10955e5676cb395cac50b653dbbe326cc96ebc4992d6,9ac4f493d90cda8dfda6731026a63865a3b1cdc9f086c825535b675feb5ed164
f285d7,f285d7.jpg,mobile,54,Test,reserve_candidate,,6,9,technical_pass_manual_review_pending,,d1977ed4fc43ea4cce0ae9ce92499bd0e723f12c906951864b39f0fd40463fe8,f3fc7e8c06c523cc46728de4d5bd361a4210e94ec370f45d974afbc70892370e
f9ae9f,f9ae9f.jpg,mobile,53,Test,reserve_candidate,,7,9,technical_pass_manual_review_pending,,f47d88037ef3e30c976036ac97231a72ae01c1ee67b34d386be49119b0711263,7c71b721c103e852f0c7155f508b9714b8f2c01adff34f42fbb8c2d7d9a95482
c05976,c05976.png,web,53,Test,selected_candidate,1,,1,technical_pass_manual_review_pending,,0b7d13ad7790f5f49f3a788140a3ef64378b30d81afbf2f5e456649e0bb43e77,d3193ce4aeab8e536b3d37cc7e9b6935565c9d76a497e7bcf6bba1a71a5a0363
c228a1,c228a1.png,web,53,Test,selected_candidate,2,,2,technical_pass_manual_review_pending,,295982362f43326f9026e882acdd7f95b634f06bc1325d4e6fd2eecb2bc79014,6124873595d590ed2dbfb7a677683a150b6662af3fe54bfbba3824a8c0ca6c95
8f9844,8f9844.png,web,53,Test,selected_candidate,3,,3,technical_pass_manual_review_pending,,35a73c2636e3750dada820ac2cad2df6507ef82a610ea0006f2e6d6ad06c0486,e3a369b2dc11324a4aa9efad0fc26231ef7664d7d5752a79e506e4ee6d4048d3
6047d3,6047d3.png,web,53,Test,selected_candidate,4,,4,technical_pass_manual_review_pending,,378d6548fa295812497b51702ab44c610ec9e6d2433fb96d46563e9b7477af17,1495aa8493a289bae300aa372c4395c1c3f20593045499c1bb9d238ab761f56a
a8f275,a8f275.png,web,53,Test,selected_candidate,5,,5,technical_pass_manual_review_pending,,42f70475f0ef100b0c8423ce360c3f2c4b9151bab888ba4efcc991dadde09a87,f6975e0297858f02467b754523a83998280a94a3abfd4a45fb62dbd9903181eb
abe796,abe796.png,web,53,Test,selected_candidate,6,,6,technical_pass_manual_review_pending,,477ff3fe830e929df437ad73463542a164368c617c5d8814350adbe86d480448,9678dd40c1025cffad2a6fa5a49e80d0d66c09527503dbc52b2cce4580bbf8fd
92b95d,92b95d.png,web,53,Test,selected_candidate,7,,7,technical_pass_manual_review_pending,,7e8ec15310c0b61401e64ac36b9048a51ad939710baad0f7de645acc62853671,49c8b402cf02f4b8f6a52987539f3dbcdb578660bd7f1003ea022a57ae597a44
bfa4f2,bfa4f2.png,web,54,Test,selected_candidate,8,,1,technical_pass_manual_review_pending,,177c824891d4cd79e52d7d436e4cb815955db05f1404523d5ac714803a51bf4c,15d914612b54d3403b682443c6448c51d4bf638293f144af6d4d5b2c1d3b8a61
fe6876,fe6876.png,web,54,Test,selected_candidate,9,,2,technical_pass_manual_review_pending,,41883def93fdd626d9e04bea7da9beba07e65ec2033c6e92abd25470528d6ce3,0fb120c3368a413d57ef7fa8ec73bd0b8a8f673d92e2e246e1a249075fa844df
6d8af6,6d8af6.png,web,54,Test,selected_candidate,10,,3,technical_pass_manual_review_pending,,68ec0d33bff94b57e6ade987592b24f3d6c7d8ba6fa1263eb148208ba833ffc0,f5abc68681943c95081d764ea5025916021fd27ce1b941af7b86052702d5eebf
9f5081,9f5081.png,web,54,Test,selected_candidate,11,,4,technical_pass_manual_review_pending,,9404774d7696371379b294eed6534ef41686fcbf15e439ad6bc02730361b88df,6b199ca68f95fcefe2f0e4b7f80c3080be332471cb460e6146fb9a55575d4031
c6a6d9,c6a6d9.png,web,54,Test,selected_candidate,12,,5,technical_pass_manual_review_pending,,b522b27be94f026f9f6551a90344facb701d911bc5c43cb2c32b54b38ab717af,6cd94bf8b0e8bc3b32d7fd2b6ef3d24abcb6ebcd18957a31a7e7e7faac84603a
0af35a,0af35a.png,web,54,Test,selected_candidate,13,,6,technical_pass_manual_review_pending,,b5542a7a18143c67e97960ec9da155523f07e297a29cc8cbdbc706d53d45ca0f,b0a506ba955117a63e78fb41f6a76cdc255e153030406c6a75de369126865b3a
393327,393327.png,web,54,Test,selected_candidate,14,,7,technical_pass_manual_review_pending,,c5fb99b3f299918bbf4ac0a2bd0b036b9c26170033a7b1c1947628de64a4fd2c,ffe9358d536477cc80d49065ffd3e5ef194602367128601f7e40d1baa23afa9c
a91f25,a91f25.png,web,55,Test,selected_candidate,15,,1,technical_pass_manual_review_pending,,14a5b1ab18b8fe4960434491ffd62d54adf0c4132185bc4583030e73c6ad48be,f261843c4776c4ad2f0142796ebbde0a5bcfeded0945f5a8df502c8c73270a63
a44696,a44696.png,web,55,Test,selected_candidate,16,,2,technical_pass_manual_review_pending,,2869eceb5f2c605315ef90454f6e5be9c1a3cb6d4883c42047e217d8842546a5,cfa428fe1789f1260a573c7e05230c221da7857246fc7216f0c22525e8331060
9aabba,9aabba.png,web,55,Test,selected_candidate,17,,3,technical_pass_manual_review_pending,,305c4e133454137a0815eb48336d82bd36e0e60e0f2e3c20f6995d62ccf52679,b155f4277fc409b9d34271a23a1e17bddf1de40f6c63650a4153ad5d28f2e9c5
cac69c,cac69c.png,web,55,Test,selected_candidate,18,,4,technical_pass_manual_review_pending,,4cb228710afbd8e8fe65958f368883daa4fcaa0fabcc1ab1d799bcced58b4a62,9fa2f9a59c0348fa398f7be458fc8fa50c1b8d9791d77e28f28cda53a48cba99
18db69,18db69.png,web,55,Test,selected_candidate,19,,5,technical_pass_manual_review_pending,,5a4be9ddcfc63f9bf54fe5121c1eea662b0b1cd1f5aa65b84ddfb116bc1c8b29,78aee6536e6306fb76e968d853b27837e09c9dc2bb5839256673b5410d918f3b
853a11,853a11.png,web,55,Test,selected_candidate,20,,6,technical_pass_manual_review_pending,,969b9d9f1c9c5175daf56cdddf2e84c0517b6b61307c459015aeac086e3cfa65,c59b873a468245372319208b2f42dc3427f7e18d172447f63519002cb1a86970
fe14d6,fe14d6.png,web,53,Test,reserve_candidate,,1,8,technical_pass_manual_review_pending,,a2bbe24faae6d24cae4ff3869f1e638a94ecda508f706a4b1a4ff4a0c15c2579,7b534ff5c912ea22ecfb765f856960154ecf8b94f694397c466dec3bfe628a75
ab4eb4,ab4eb4.png,web,55,Test,reserve_candidate,,2,7,technical_pass_manual_review_pending,,aa0e9d634a5c3e42b95f41088b6c7c9f591d53e27310bae3618bfb5df1009582,ea268e5f53f3f1fb20c2525b0b330e1b402eb53c251314716c4e2e022194d0f4
b02217,b02217.png,web,54,Test,reserve_candidate,,3,8,technical_pass_manual_review_pending,,db800dea1e53e21e25a451f55f297b652e1eb69678fa6c3cf6a9a27c28719ed4,1ef60d2b5e621585764f3881bc8cf2523b5a54c91b45c10098915fba66c643c1
2304c8,2304c8.png,web,55,Test,reserve_candidate,,4,8,technical_pass_manual_review_pending,,edfeb866aa811d626fcc554c9affd978ed6a4d784b94cda546c6f8a5de36c878,2de0fa464da33186e1b4b81f69e8d0c8b337b6f1622dfbbb3bd44b93a6bec507
631068,631068.png,web,55,Test,reserve_candidate,,5,9,technical_pass_manual_review_pending,,fd3bd3acf3403dc08239ac18789eb8b50b0900cf74a1dce083ff75cb92bfde55,4e35c343ed35352bf7e23bc520c165dd9bf9061dca4a1c59b2d4e54b7810af94
b4a27a,b4a27a.png,web,54,Test,reserve_candidate,,6,9,technical_pass_manual_review_pending,,fe00143b8068ddc6eefd2953645d5189c37a3ae529fa0fa3cd71f33d40798554,d3d465f0b6e2e71e9c9b9ceb6cc718591814d7f5a2fa3feca8f77c73336b2d35
5887a5,5887a5.png,web,53,Test,reserve_candidate,,7,9,technical_pass_manual_review_pending,,fe6abdb0c14a0749944f3180ec08b3be92996ec974a7cb119e5fd2fa82342e8b,b9d237c339c068362f2664c5e9a2a413858d97e0f696a2f91c9db078f12c97b2
